Date,Open,High,Low,Close,Adj_Close,Volume,day
2022-10-10,82.120003,82.82,79.860001,80.120003,77.228973,23165800,0
2022-10-11,78.620003,80.849998,78.290001,79.480003,76.612068,26921100,1
2022-10-12,78.959999,80.68,78.440002,80.120003,77.228973,20551200,2
2022-10-13,79.07,83.709999,79.050003,83.389999,80.380974,35067400,3
2022-10-14,82.480003,83.669998,80.120003,80.279999,77.383186,26747300,4
2022-10-17,81.540001,82.620003,81.050003,81.279999,78.347115,18994200,5
2022-10-18,81.949997,82.75,80.410004,81.989998,79.031487,25187900,6
2022-10-19,82.230003,84.720001,82.199997,84.410004,81.364174,31263800,7
2022-10-20,85.050003,85.830002,83.980003,84.489998,81.441284,25261800,8
2022-10-21,84.959999,87.099998,84.739998,86.93,83.793236,25274200,9
2022-10-24,86.879997,87.949997,86.410004,87.339996,84.188446,22496000,10
2022-10-25,87,87.830002,86.529999,87.43,84.275192,18841800,11
2022-10-26,87.760002,89.32,87.699997,88.620003,85.422256,22706500,12
2022-10-27,89.839996,90.440002,88.669998,88.940002,85.730721,25010600,13
2022-10-28,89.900002,90.629997,87.650002,89.25,86.029526,24664000,14
2022-10-31,88.370003,91.18,88.269997,90,86.752457,29760400,15
2022-11-01,91.510002,91.550003,90.32,90.870003,87.591072,21755400,16
2022-11-02,90.580002,91.050003,88.470001,88.68,85.480095,28249600,17
2022-11-03,88.139999,90.830002,87.889999,90.32,87.060913,26817200,18
2022-11-04,92.330002,93.019997,90.139999,91.419998,88.121216,30295300,19
2022-11-07,91.610001,93.279999,91.449997,92.989998,89.634567,19387700,20
2022-11-08,92.809998,93.480003,91.940002,93.080002,89.721321,21859300,21
2022-11-09,91.82,92.110001,88.330002,88.529999,85.335503,31514000,22
2022-11-10,90.360001,90.599998,88.5,90.5,87.234421,29244100,23
2022-11-11,92.230003,93.610001,92.010002,93.129997,89.769508,25541300,24
2022-11-14,92.860001,94.709999,92.849998,93.099998,89.740601,23122600,25
2022-11-15,93.449997,94.32,92.839996,94.080002,90.685242,25771100,26
2022-11-16,93.239998,93.809998,91.68,92.160004,88.834526,23638600,27
2022-11-17,90.75,92.440002,90.279999,92.360001,89.027306,21429900,28
2022-11-18,90.650002,91.879997,89.510002,91.629997,88.323639,23683100,29
2022-11-21,89.639999,90.629997,87.290001,90.389999,87.128387,42576800,30
2022-11-22,91.519997,93.43,91.099998,93.220001,89.85627,26877500,31
2022-11-23,91.529999,92.800003,91.190002,92.209999,88.882713,20598700,32
2022-11-25,92.269997,92.919998,91.709999,91.870003,88.554985,7591300,33
2022-11-28,89.620003,90.75,89.050003,89.349998,86.125916,29131200,34
2022-11-29,90.339996,91.230003,90.010002,90.699997,87.427193,19024200,35
2022-11-30,91.709999,91.889999,89.720001,91.150002,87.860962,21915100,36
2022-12-01,91.790001,92.25,90.540001,90.849998,87.571793,19451000,37
2022-12-02,90.220001,91.379997,89.779999,90.309998,87.051277,18385000,38
2022-12-05,91.199997,91.559998,86.879997,87.629997,84.467979,25876900,39
2022-12-06,87.080002,88.129997,84.730003,85.32,82.241333,32465100,40
2022-12-07,85.300003,86.419998,84.370003,85.120003,82.048546,24447100,41
2022-12-08,87.029999,87.220001,84.269997,84.739998,81.682259,25640400,42
2022-12-09,84.470001,85.400002,82.650002,82.68,79.696587,24048900,43
2022-12-12,83.150002,85.050003,82.830002,84.849998,81.788292,21092400,44
2022-12-13,86.5,87.18,85.779999,86.459999,83.340202,27278700,45
2022-12-14,87.050003,87.360001,85.160004,85.93,82.829315,26337800,46
2022-12-15,85.18,85.610001,83.959999,85.410004,82.328087,20203300,47
2022-12-16,83.800003,84.760002,83.209999,84.360001,81.315971,29550500,48
2022-12-19,84.379997,84.650002,82.879997,83.489998,81.306244,18418300,49
2022-12-20,83.75,85.290001,83.43,84.75,82.533287,14296500,50
2022-12-21,86.480003,86.75,85.209999,86.360001,84.101166,17029100,51
2022-12-22,86.449997,86.5,82.68,84.370003,82.163223,18679700,52
2022-12-23,85.489998,87.080002,85.050003,87.059998,84.78286,14815000,53
2022-12-27,87.440002,88.360001,87.120003,87.989998,85.688538,16374600,54
2022-12-28,87.870003,87.870003,85.75,86.019997,83.770058,15919000,55
2022-12-29,85.660004,87.309998,85.620003,86.919998,84.646523,13457900,56
2022-12-30,86.459999,87.639999,86.449997,87.470001,85.182144,11330900,57
2023-01-03,86.919998,87.360001,83.349998,84.400002,82.192436,26541400,58
2023-01-04,83.150002,84.879997,82.830002,84.389999,82.182701,22852600,59
2023-01-05,84.25,86.400002,84.010002,85.93,83.682411,19361900,60
2023-01-06,87.040001,88.629997,86.82,87.559998,85.269783,22211200,61
2023-01-09,88.879997,89.019997,86.970001,87.25,84.967896,23001600,62
2023-01-10,87.82,88.050003,86.489998,87.870003,85.571678,15799500,63
2023-01-11,88.639999,88.860001,87.190002,88.139999,85.83461,16451500,64
2023-01-12,88.669998,90.400002,88.5,89.82,87.470665,18358000,65
2023-01-13,89.75,90.169998,88.800003,89.949997,87.597267,15904200,66
2023-01-17,90.160004,91.080002,89.769997,90.139999,87.782303,16966600,67
2023-01-18,90.559998,91.57,88.400002,88.489998,86.175453,19037600,68
2023-01-19,87.980003,89.949997,87.790001,89.589996,87.246689,17146900,69
2023-01-20,89.779999,90.790001,88.870003,90.480003,88.113403,14280000,70
2023-01-23,91.139999,91.589996,90.309998,90.599998,88.230263,14652500,71
2023-01-24,90.300003,90.459999,88.459999,90.25,87.88942,15377600,72
2023-01-25,89.809998,90.260002,88.379997,90.260002,87.899162,13430600,73
2023-01-26,91.720001,93.150002,90.599998,93.110001,90.674614,18331500,74
2023-01-27,92.610001,93.07,91.080002,91.230003,88.843796,17420500,75
2023-01-30,90.57,90.699997,89.019997,89.139999,86.808464,13762500,76
2023-01-31,88.839996,90.07,87.93,89.93,87.577789,13924100,77
2023-02-01,89.510002,89.889999,87,88.160004,85.854095,23483600,78
2023-02-02,87.82,87.989998,85.199997,86.150002,83.89666,24901500,79
2023-02-03,86.510002,87.910004,85.870003,85.959999,83.711632,22727400,80
2023-02-06,86.040001,86.690002,84.519997,85.57,83.331825,15857200,81
2023-02-07,86.110001,88.480003,85.660004,88.349998,86.039124,20507000,82
2023-02-08,88.279999,88.730003,87.059998,87.559998,85.269783,13483600,83
2023-02-09,87.57,87.849998,86.75,86.809998,84.539391,16075200,84
2023-02-10,88.25,90.389999,88.169998,90.209999,87.850471,20001600,85
2023-02-13,89.75,90.330002,88.82,89.980003,87.62648,12372400,86
2023-02-14,89.269997,90.669998,89.019997,90.010002,87.655701,13511300,87
2023-02-15,89,89.190002,87.349998,88.480003,86.165718,15969800,88
2023-02-16,88,88.760002,87.519997,87.610001,85.318481,12657100,89
2023-02-17,86.25,86.309998,84.120003,84.489998,82.280083,22340200,90
2023-02-21,84.120003,85.040001,83.910004,84.07,81.871063,16811300,91
2023-02-22,83.839996,84.629997,82.790001,83.510002,81.325722,20135200,92
2023-02-23,84.769997,85.260002,83.699997,84.769997,82.552757,17511700,93
2023-02-24,83.519997,84.779999,83.040001,84.660004,82.445641,18748400,94
2023-02-27,84.830002,85.279999,84.209999,84.910004,82.689095,15338200,95
2023-02-28,85.769997,85.800003,83.620003,83.690002,81.501007,19003800,96
2023-03-01,83.760002,85.769997,83.449997,85.339996,83.107841,18547000,97
2023-03-02,85.190002,86.410004,84.919998,86.089996,83.838226,16399300,98
2023-03-03,85.059998,87.690002,85,87.260002,84.977623,25337600,99
2023-03-06,86.779999,87.440002,86.43,87.300003,85.016586,16949200,100
2023-03-07,86.779999,87,85.559998,85.779999,83.536339,18500200,101
2023-03-08,85.400002,86.489998,84.080002,84.900002,82.679359,19699500,102
2023-03-09,85.389999,86.589996,83.68,83.699997,81.510742,18944100,103
2023-03-10,83.699997,84.879997,82.150002,82.629997,80.468735,28312400,104
2023-03-13,80.519997,82.400002,79.110001,80.949997,78.832664,41663500,105
2023-03-14,80.940002,83.57,80.309998,81.75,79.611748,30533200,106
2023-03-15,78.75,79.349998,76.239998,77.360001,75.336578,57673500,107
2023-03-16,75.660004,78.400002,75.360001,78.199997,76.154594,44395200,108
2023-03-17,77.75,78.400002,76.339996,76.970001,74.956772,33675800,109
2023-03-20,76.099998,78.199997,76.099998,77.699997,76.457382,26144400,110
2023-03-21,79.300003,80.639999,79.059998,80.389999,79.104362,29856200,111
2023-03-22,80.440002,80.809998,78.620003,78.68,77.421715,24604700,112
2023-03-23,79.110001,79.800003,76.839996,77.589996,76.349144,24743100,113
2023-03-24,76.050003,78.190002,75.809998,77.889999,76.644348,20649000,114
2023-03-27,78.709999,80,78.080002,79.550003,78.277802,20111900,115
2023-03-28,79.099998,81.129997,79.07,80.779999,79.488129,16298400,116
2023-03-29,81.580002,81.989998,81.050003,81.900002,80.590218,18102300,117
2023-03-30,82.580002,82.699997,81.779999,82.260002,80.944458,13730400,118
2023-03-31,82.470001,82.970001,82.169998,82.830002,81.505348,16147300,119
2023-04-03,86.32,87.139999,85.870003,86.580002,85.195374,31226100,120
2023-04-04,86.839996,86.949997,84.25,85.010002,83.650482,24681500,121
2023-04-05,85.220001,86.290001,84.510002,86.290001,84.910011,20276100,122
2023-04-06,86.160004,86.25,84.809998,84.980003,83.620964,16689300,123
2023-04-10,85.300003,86.639999,85.300003,85.660004,84.290085,13488600,124
2023-04-11,86.139999,87.010002,85.650002,86.470001,85.087135,12787600,125
2023-04-12,87.07,87.25,86.269997,86.529999,85.146172,16667200,126
2023-04-13,86.400002,87.290001,86.190002,87.07,85.677536,15692300,127
2023-04-14,87.190002,87.739998,86.720001,87.230003,85.834976,11780100,128
2023-04-17,86.940002,87.300003,85.900002,86.199997,84.821449,11881000,129
2023-04-18,86,86.760002,85.57,86.540001,85.156013,12246800,130
2023-04-19,85.760002,86.309998,85.290001,86.239998,84.860802,17123100,131
2023-04-20,85.040001,85.5,84.440002,85.480003,84.112968,15198100,132
2023-04-21,85.790001,85.830002,84.599998,84.980003,83.620964,16878800,133
2023-04-24,84.709999,86.68,84.68,86.279999,84.900169,12625900,134
2023-04-25,85.440002,85.589996,84.160004,84.660004,83.306084,15332600,135
2023-04-26,84.059998,84.839996,83.019997,83.529999,82.194153,20035000,136
2023-04-27,83.480003,84.040001,82.690002,83.830002,82.489349,17057300,137
2023-04-28,83.529999,85.589996,83.239998,85.129997,83.768562,19110900,138
2023-05-01,84.059998,85.080002,83.720001,84.169998,82.823914,13910700,139
2023-05-02,83.160004,83.290001,79.739998,80.510002,79.22245,33824000,140
2023-05-03,79.480003,80.410004,78.959999,78.989998,77.726753,29683800,141
2023-05-04,79.019997,79.82,77.870003,78.110001,76.860825,26430500,142
2023-05-05,80.269997,80.860001,79.790001,80.230003,78.946922,19533600,143
2023-05-08,81.400002,81.75,80.220001,80.230003,78.946922,16355900,144
2023-05-09,79.599998,81.019997,79.43,80.260002,78.976448,20710600,145
2023-05-10,80.660004,80.82,78.75,79.349998,78.080994,18026000,146
2023-05-11,78.230003,78.809998,77.800003,78.400002,77.146194,19084100,147
2023-05-12,78.790001,79.32,77.949997,78.519997,77.264267,18952700,148
2023-05-15,78.809998,79.370003,78.190002,78.919998,77.657867,16272300,149
2023-05-16,78.550003,78.889999,76.860001,76.980003,75.748909,22255600,150
2023-05-17,77.769997,78.879997,77.199997,78.459999,77.205231,23100300,151
2023-05-18,77.989998,79.129997,77.5,79.029999,77.766121,16577100,152
2023-05-19,79.760002,80.260002,79.190002,79.639999,78.366356,18059100,153
2023-05-22,79.339996,80.120003,79.190002,79.309998,78.041634,13471800,154
2023-05-23,80.07,81.07,79.860001,80.160004,78.878044,21401900,155
2023-05-24,80.790001,81.129997,79.830002,80.510002,79.22245,16737100,156
2023-05-25,79.349998,79.519997,78.339996,79.080002,77.815315,19125500,157
2023-05-26,79.559998,79.779999,78.360001,78.769997,77.510269,14392900,158
2023-05-30,77.400002,78.050003,77.099998,77.959999,76.713226,20165800,159
2023-05-31,76.739998,77.330002,76.330002,76.589996,75.365135,22398800,160
2023-06-01,76.769997,78.410004,76.25,77.540001,76.29995,25811800,161
2023-06-02,78.989998,80.279999,78.449997,79.900002,78.622208,27635400,162
2023-06-05,81.07,81.07,79.230003,79.370003,78.100677,18913100,163
2023-06-06,78.32,80.080002,78.239998,80.010002,78.730446,17375400,164
2023-06-07,80.400002,82.230003,80.349998,82.129997,80.816536,30327100,165
2023-06-08,82.239998,82.519997,80.419998,81.779999,80.47213,23077600,166
2023-06-09,81.739998,82.139999,81.110001,81.330002,80.029335,19193500,167
2023-06-12,80.110001,81.360001,80,80.550003,79.26181,18193500,168
2023-06-13,81.440002,82.519997,80.889999,80.93,79.635727,20068200,169
2023-06-14,81.730003,82.089996,79.5,80.099998,78.819,23802700,170
2023-06-15,80.239998,81.589996,80.220001,80.980003,79.684937,23388500,171
2023-06-16,81.279999,81.510002,80.629997,80.860001,79.566849,23721100,172
2023-06-20,79.620003,79.709999,77.769997,78.360001,77.785988,21276000,173
2023-06-21,78.040001,79.650002,77.919998,78.980003,78.401451,17236900,174
2023-06-22,78.260002,78.349998,77.629997,77.919998,77.349213,16753700,175
2023-06-23,77.080002,77.57,76.720001,77.360001,76.79332,17452600,176
2023-06-26,77.5,79.190002,77.32,78.75,78.173134,16244300,177
2023-06-27,78.669998,79.269997,78.209999,78.93,78.351814,14194200,178
2023-06-28,78.849998,79.830002,78.150002,79.730003,79.145958,16451600,179
2023-06-29,80.029999,80.650002,79.599998,80.650002,80.059219,14217900,180
2023-06-30,81.199997,81.580002,80.599998,81.169998,80.575401,17983000,181
2023-07-03,81.370003,81.970001,81.059998,81.360001,80.764015,9769900,182
2023-07-05,81.699997,81.720001,80.449997,80.910004,80.317314,16278700,183
2023-07-06,80.029999,80.589996,78.489998,79.089996,78.510635,20983900,184
2023-07-07,78.699997,81.540001,78.639999,80.790001,80.198189,24455000,185
2023-07-10,80.580002,81.580002,80.519997,81.419998,80.82357,15462500,186
2023-07-11,81.790001,83.339996,81.629997,83.209999,82.600464,19821000,187
2023-07-12,83.889999,84.449997,83.459999,83.980003,83.364822,21538800,188
2023-07-13,83.980003,84.5,82.879997,83.660004,83.047173,26613200,189
2023-07-14,83.120003,83.199997,81.25,81.449997,80.853355,21991800,190
2023-07-17,81.160004,81.639999,80.919998,81.290001,80.694527,16222900,191
2023-07-18,81.099998,82.959999,80.970001,82.110001,81.508522,21607300,192
2023-07-19,82.110001,83.150002,81.93,82.589996,81.985001,18760500,193
2023-07-20,83.269997,83.730003,82.860001,83.559998,82.947899,17724900,194
2023-07-21,83.870003,84.339996,83.330002,84.300003,83.68248,15760000,195
2023-07-24,84.730003,86.279999,84.699997,85.660004,85.032516,22269800,196
2023-07-25,85.620003,86.610001,85.099998,86.110001,85.479218,16803300,197
2023-07-26,85.400002,86.480003,85.279999,86.139999,85.508995,16394000,198
2023-07-27,86.610001,86.959999,85.349998,85.589996,84.963028,17775300,199
2023-07-28,85.529999,85.870003,84.599998,85.849998,85.221123,17313900,200
2023-07-31,86.599998,87.730003,86.349998,87.480003,86.839188,18133200,201
2023-08-01,87.129997,87.32,86.129997,87.07,86.43219,17883000,202
2023-08-02,86.480003,86.919998,85.199997,85.93,85.300537,22960000,203
2023-08-03,86.160004,87.580002,85.690002,86.800003,86.164169,20815300,204
2023-08-04,87.419998,88.239998,86.82,86.919998,86.283287,21595300,205
2023-08-07,87.410004,87.589996,86.760002,87.019997,86.382553,13410800,206
2023-08-08,85.610001,87.489998,84.970001,87.449997,86.809402,18618600,207
2023-08-09,88.300003,89.360001,87.75,88.550003,87.901352,26042800,208
2023-08-10,88.68,89.690002,87.940002,88.540001,87.891418,19613300,209
2023-08-11,88.5,90,88.480003,89.900002,89.241455,23335000,210
2023-08-14,89.650002,89.889999,88.919998,89.519997,88.864235,15094700,211
2023-08-15,88.900002,89,87.5,87.660004,87.017868,22491200,212
2023-08-16,87.75,88.699997,86.839996,86.900002,86.263435,18997700,213
2023-08-17,88.120003,89.139999,87.809998,87.940002,87.295815,20232100,214
2023-08-18,87.43,88.919998,87.150002,88.809998,88.159439,17651900,215
2023-08-21,89.169998,89.529999,87.639999,88.25,87.603546,15244200,216
2023-08-22,88.360001,88.669998,87.519997,87.57,86.92852,12869700,217
2023-08-23,86.620003,87.43,85.870003,87.349998,86.710136,19399300,218
2023-08-24,86.559998,87.669998,86.5,86.75,86.114532,16727500,219
2023-08-25,87.269997,88.029999,86.510002,87.589996,86.948372,19018400,220
2023-08-28,87.82,88.839996,87.669998,88.18,87.534058,12859100,221
2023-08-29,88.5,88.510002,87.540001,88.419998,87.772293,13509700,222
2023-08-30,88.82,89.019997,88.470001,88.860001,88.209076,13945100,223
2023-08-31,89.190002,89.339996,88.279999,88.919998,88.268631,14808700,224
2023-09-01,89.900002,90.839996,89.879997,90.739998,90.075302,17878100,225
2023-09-05,91.25,92.150002,91.160004,91.220001,90.551788,24368700,226
2023-09-06,91.040001,91.75,90.589996,91.260002,90.591499,20162100,227
2023-09-07,91.440002,91.910004,91.010002,91.169998,90.502151,15364600,228
2023-09-08,91.599998,92.709999,91.550003,92.050003,91.37571,17369500,229
2023-09-11,92.720001,93,90.470001,90.839996,90.174568,22047500,230
2023-09-12,91.82,93.080002,91.650002,92.980003,92.298897,26799700,231
2023-09-13,93.07,93.260002,91.800003,92.279999,91.604019,18157700,232
2023-09-14,93.239998,93.690002,92.959999,93.360001,92.676109,18549900,233
2023-09-15,92.5,93.410004,92.010002,92.010002,91.335999,24797800,234
2023-09-18,92.279999,92.550003,91.43,92.110001,92.110001,16873300,235
2023-09-19,92.800003,92.93,90.709999,91.25,91.25,18132200,236
2023-09-20,90.800003,91.830002,90.339996,90.400002,90.400002,17965200,237
2023-09-21,91.019997,91.230003,89.010002,89.160004,89.160004,21693700,238
2023-09-22,89.830002,90.43,89.230003,89.309998,89.309998,21033700,239
2023-09-25,89.07,90.57,89.07,90.43,90.43,17536900,240
2023-09-26,89.650002,90.449997,89.510002,89.910004,89.910004,16730000,241
2023-09-27,91.029999,92.410004,90.629997,92.150002,92.150002,23144700,242
2023-09-28,91.75,92.790001,91.540001,92.25,92.25,24231400,243
2023-09-29,92.110001,92.470001,90.050003,90.389999,90.389999,24181800,244
2023-10-02,90.269997,90.510002,87.980003,88.589996,88.589996,25299900,245
2023-10-03,88.379997,88.699997,87.660004,88.529999,88.529999,20733300,246
2023-10-04,87.209999,87.360001,84.910004,85.75,85.75,29786200,247
2023-10-05,84.519997,85.970001,84.519997,85.220001,85.220001,23518500,248
2023-10-06,85.220001,86.510002,84.260002,85.730003,85.730003,25728200,249